path,filename,label,Question,original_text,Request,token_repeat_3,sentence_repeat_3,token_repeat_5,sentence_repeat_5,token_repeat_10,sentence_repeat_10
../data/image/purse/n04026417_1335.JPEG,n04026417_1335,purse,"Please generate a question based on this picture. For example, 'What is in this picture' or 'What is on the table in the picture'. The question needs to be related to the picture and be a question. Do not copy the example, you need to write new content.",What type of fabric is used for these earrings?,The earrings are made from a combination of fabric and metal.,The earrings are made from a combination of fabric and metal metal metal metal,The earrings are made from a combination of fabric and metal The earrings are made from a combination of fabric and metal The earrings are made from a combination of fabric and metal,The earrings are made from a combination of fabric and metal metal metal metal metal metal,The earrings are made from a combination of fabric and metal The earrings are made from a combination of fabric and metal The earrings are made from a combination of fabric and metal The earrings are made from a combination of fabric and metal The earrings are made from a combination of fabric and metal,The earrings are made from a combination of fabric and metal metal metal metal metal metal metal metal metal metal metal,The earrings are made from a combination of fabric and metal The earrings are made from a combination of fabric and metal The earrings are made from a combination of fabric and metal The earrings are made from a combination of fabric and metal The earrings are made from a combination of fabric and metal The earrings are made from a combination of fabric and metal The earrings are made from a combination of fabric and metal The earrings are made from a combination of fabric and metal The earrings are made from a combination of fabric and metal The earrings are made from a combination of fabric and metal
../data/image/purse/n04026417_27309.JPEG,n04026417_27309,purse,"Please generate a question based on this picture. For example, 'What is in this picture' or 'What is on the table in the picture'. The question needs to be related to the picture and be a question. Do not copy the example, you need to write new content.",What type of fabric is used for the bag in the picture?,"The bag in the picture is made of a combination of different fabrics, including a floral print and a plaid pattern.",The bag in the picture is made of a combination of different fabrics fabrics fabrics fabrics,The bag in the picture is made of a combination of different fabrics The bag in the picture is made of a combination of different fabrics The bag in the picture is made of a combination of different fabrics,The bag in the picture is made of a combination of different fabrics fabrics fabrics fabrics fabrics fabrics,The bag in the picture is made of a combination of different fabrics The bag in the picture is made of a combination of different fabrics The bag in the picture is made of a combination of different fabrics The bag in the picture is made of a combination of different fabrics The bag in the picture is made of a combination of different fabrics,The bag in the picture is made of a combination of different fabrics fabrics fabrics fabrics fabrics fabrics fabrics fabrics fabrics fabrics fabrics,The bag in the picture is made of a combination of different fabrics The bag in the picture is made of a combination of different fabrics The bag in the picture is made of a combination of different fabrics The bag in the picture is made of a combination of different fabrics The bag in the picture is made of a combination of different fabrics The bag in the picture is made of a combination of different fabrics The bag in the picture is made of a combination of different fabrics The bag in the picture is made of a combination of different fabrics The bag in the picture is made of a combination of different fabrics The bag in the picture is made of a combination of different fabrics
../data/image/purse/n04026417_7043.JPEG,n04026417_7043,purse,"Please generate a question based on this picture. For example, 'What is in this picture' or 'What is on the table in the picture'. The question needs to be related to the picture and be a question. Do not copy the example, you need to write new content.",What is the purpose of the pink tag attached to the black and red floral pouch?,"The purpose of the pink tag attached to the black and red floral pouch is to identify the owner or the bag's origin. The tag can contain information such as the owner's name, contact details, or a unique identifier. This helps in case the bag gets lost or misplaced, making it easier for the owner to locate and retrieve it. Additionally, the tag can also serve as a decorative element, adding a touch of personalization to the bag.",The purpose of the pink tag attached to the black and red floral pouch is to identify the owner or the bag's origin origin origin origin,The purpose of the pink tag attached to the black and red floral pouch is to identify the owner or the bag's origin The purpose of the pink tag attached to the black and red floral pouch is to identify the owner or the bag's origin The purpose of the pink tag attached to the black and red floral pouch is to identify the owner or the bag's origin,The purpose of the pink tag attached to the black and red floral pouch is to identify the owner or the bag's origin origin origin origin origin origin,The purpose of the pink tag attached to the black and red floral pouch is to identify the owner or the bag's origin The purpose of the pink tag attached to the black and red floral pouch is to identify the owner or the bag's origin The purpose of the pink tag attached to the black and red floral pouch is to identify the owner or the bag's origin The purpose of the pink tag attached to the black and red floral pouch is to identify the owner or the bag's origin The purpose of the pink tag attached to the black and red floral pouch is to identify the owner or the bag's origin,The purpose of the pink tag attached to the black and red floral pouch is to identify the owner or the bag's origin origin origin origin origin origin origin origin origin origin origin,The purpose of the pink tag attached to the black and red floral pouch is to identify the owner or the bag's origin The purpose of the pink tag attached to the black and red floral pouch is to identify the owner or the bag's origin The purpose of the pink tag attached to the black and red floral pouch is to identify the owner or the bag's origin The purpose of the pink tag attached to the black and red floral pouch is to identify the owner or the bag's origin The purpose of the pink tag attached to the black and red floral pouch is to identify the owner or the bag's origin The purpose of the pink tag attached to the black and red floral pouch is to identify the owner or the bag's origin The purpose of the pink tag attached to the black and red floral pouch is to identify the owner or the bag's origin The purpose of the pink tag attached to the black and red floral pouch is to identify the owner or the bag's origin The purpose of the pink tag attached to the black and red floral pouch is to identify the owner or the bag's origin The purpose of the pink tag attached to the black and red floral pouch is to identify the owner or the bag's origin
../data/image/purse/n04026417_17473.JPEG,n04026417_17473,purse,"Please generate a question based on this picture. For example, 'What is in this picture' or 'What is on the table in the picture'. The question needs to be related to the picture and be a question. Do not copy the example, you need to write new content.",What type of knitting pattern was used to create the bag shown in the picture?,The bag shown in the picture was created using a crochet pattern.,The bag shown in the picture was created using a crochet pattern pattern pattern pattern,The bag shown in the picture was created using a crochet pattern The bag shown in the picture was created using a crochet pattern The bag shown in the picture was created using a crochet pattern,The bag shown in the picture was created using a crochet pattern pattern pattern pattern pattern pattern,The bag shown in the picture was created using a crochet pattern The bag shown in the picture was created using a crochet pattern The bag shown in the picture was created using a crochet pattern The bag shown in the picture was created using a crochet pattern The bag shown in the picture was created using a crochet pattern,The bag shown in the picture was created using a crochet pattern pattern pattern pattern pattern pattern pattern pattern pattern pattern pattern,The bag shown in the picture was created using a crochet pattern The bag shown in the picture was created using a crochet pattern The bag shown in the picture was created using a crochet pattern The bag shown in the picture was created using a crochet pattern The bag shown in the picture was created using a crochet pattern The bag shown in the picture was created using a crochet pattern The bag shown in the picture was created using a crochet pattern The bag shown in the picture was created using a crochet pattern The bag shown in the picture was created using a crochet pattern The bag shown in the picture was created using a crochet pattern
../data/image/purse/n04026417_15020.JPEG,n04026417_15020,purse,"Please generate a question based on this picture. For example, 'What is in this picture' or 'What is on the table in the picture'. The question needs to be related to the picture and be a question. Do not copy the example, you need to write new content.",What design elements can be seen on the red and white fabric item in the picture?,"The red and white fabric item in the picture features a bird design, which is a prominent design element. The bird is depicted in a stitched pattern, adding a unique and artistic touch to the item. The combination of red and white colors, along with the bird design, creates a visually appealing and distinctive piece of fabric.",The red and white fabric item in the picture features a bird design design design design,The red and white fabric item in the picture features a bird design The red and white fabric item in the picture features a bird design The red and white fabric item in the picture features a bird design,The red and white fabric item in the picture features a bird design design design design design design,The red and white fabric item in the picture features a bird design The red and white fabric item in the picture features a bird design The red and white fabric item in the picture features a bird design The red and white fabric item in the picture features a bird design The red and white fabric item in the picture features a bird design,The red and white fabric item in the picture features a bird design design design design design design design design design design design,The red and white fabric item in the picture features a bird design The red and white fabric item in the picture features a bird design The red and white fabric item in the picture features a bird design The red and white fabric item in the picture features a bird design The red and white fabric item in the picture features a bird design The red and white fabric item in the picture features a bird design The red and white fabric item in the picture features a bird design The red and white fabric item in the picture features a bird design The red and white fabric item in the picture features a bird design The red and white fabric item in the picture features a bird design
../data/image/necklace/n03814906_5455.JPEG,n03814906_5455,necklace,"Please generate a question based on this picture. For example, 'What is in this picture' or 'What is on the table in the picture'. The question needs to be related to the picture and be a question. Do not copy the example, you need to write new content.",What type of jewelry is displayed in the picture?,The picture displays a necklace with a variety of beads and a gold chain.,The picture displays a necklace with a variety of beads and a gold chain chain chain chain,The picture displays a necklace with a variety of beads and a gold chain The picture displays a necklace with a variety of beads and a gold chain The picture displays a necklace with a variety of beads and a gold chain,The picture displays a necklace with a variety of beads and a gold chain chain chain chain chain chain,The picture displays a necklace with a variety of beads and a gold chain The picture displays a necklace with a variety of beads and a gold chain The picture displays a necklace with a variety of beads and a gold chain The picture displays a necklace with a variety of beads and a gold chain The picture displays a necklace with a variety of beads and a gold chain,The picture displays a necklace with a variety of beads and a gold chain chain chain chain chain chain chain chain chain chain chain,The picture displays a necklace with a variety of beads and a gold chain The picture displays a necklace with a variety of beads and a gold chain The picture displays a necklace with a variety of beads and a gold chain The picture displays a necklace with a variety of beads and a gold chain The picture displays a necklace with a variety of beads and a gold chain The picture displays a necklace with a variety of beads and a gold chain The picture displays a necklace with a variety of beads and a gold chain The picture displays a necklace with a variety of beads and a gold chain The picture displays a necklace with a variety of beads and a gold chain The picture displays a necklace with a variety of beads and a gold chain
../data/image/necklace/n03814906_25181.JPEG,n03814906_25181,necklace,"Please generate a question based on this picture. For example, 'What is in this picture' or 'What is on the table in the picture'. The question needs to be related to the picture and be a question. Do not copy the example, you need to write new content.",What type of jewelry is depicted in the picture?,"The picture shows a necklace with a pendant, which is a type of jewelry.",The picture shows a necklace with a pendant pendant pendant pendant,The picture shows a necklace with a pendant The picture shows a necklace with a pendant The picture shows a necklace with a pendant,The picture shows a necklace with a pendant pendant pendant pendant pendant pendant,The picture shows a necklace with a pendant The picture shows a necklace with a pendant The picture shows a necklace with a pendant The picture shows a necklace with a pendant The picture shows a necklace with a pendant,The picture shows a necklace with a pendant pendant pendant pendant pendant pendant pendant pendant pendant pendant pendant,The picture shows a necklace with a pendant The picture shows a necklace with a pendant The picture shows a necklace with a pendant The picture shows a necklace with a pendant The picture shows a necklace with a pendant The picture shows a necklace with a pendant The picture shows a necklace with a pendant The picture shows a necklace with a pendant The picture shows a necklace with a pendant The picture shows a necklace with a pendant
../data/image/necklace/n03814906_39320.JPEG,n03814906_39320,necklace,"Please generate a question based on this picture. For example, 'What is in this picture' or 'What is on the table in the picture'. The question needs to be related to the picture and be a question. Do not copy the example, you need to write new content.",What type of jewelry is displayed in the picture?,The picture displays a necklace made of purple flowers.,The picture displays a necklace made of purple flowers flowers flowers flowers,The picture displays a necklace made of purple flowers The picture displays a necklace made of purple flowers The picture displays a necklace made of purple flowers,The picture displays a necklace made of purple flowers flowers flowers flowers flowers flowers,The picture displays a necklace made of purple flowers The picture displays a necklace made of purple flowers The picture displays a necklace made of purple flowers The picture displays a necklace made of purple flowers The picture displays a necklace made of purple flowers,The picture displays a necklace made of purple flowers flowers flowers flowers flowers flowers flowers flowers flowers flowers flowers,The picture displays a necklace made of purple flowers The picture displays a necklace made of purple flowers The picture displays a necklace made of purple flowers The picture displays a necklace made of purple flowers The picture displays a necklace made of purple flowers The picture displays a necklace made of purple flowers The picture displays a necklace made of purple flowers The picture displays a necklace made of purple flowers The picture displays a necklace made of purple flowers The picture displays a necklace made of purple flowers
../data/image/necklace/n03814906_31762.JPEG,n03814906_31762,necklace,"Please generate a question based on this picture. For example, 'What is in this picture' or 'What is on the table in the picture'. The question needs to be related to the picture and be a question. Do not copy the example, you need to write new content.",What is the significance of the necklace with the pendant featuring a portrait?,"The significance of the necklace with the pendant featuring a portrait could be related to personal style, sentimental value, or a connection to a particular event or person. The portrait on the pendant might represent a loved one, a historical figure, or a significant event in the wearer's life. The necklace, along with the pendant, serves as a unique and eye-catching accessory that can be worn to express the wearer's personality, showcase their taste in fashion, or convey a deeper meaning to those who see it.",The significance of the necklace with the pendant featuring a portrait could be related to personal style style style style,The significance of the necklace with the pendant featuring a portrait could be related to personal style The significance of the necklace with the pendant featuring a portrait could be related to personal style The significance of the necklace with the pendant featuring a portrait could be related to personal style,The significance of the necklace with the pendant featuring a portrait could be related to personal style style style style style style,The significance of the necklace with the pendant featuring a portrait could be related to personal style The significance of the necklace with the pendant featuring a portrait could be related to personal style The significance of the necklace with the pendant featuring a portrait could be related to personal style The significance of the necklace with the pendant featuring a portrait could be related to personal style The significance of the necklace with the pendant featuring a portrait could be related to personal style,The significance of the necklace with the pendant featuring a portrait could be related to personal style style style style style style style style style style style,The significance of the necklace with the pendant featuring a portrait could be related to personal style The significance of the necklace with the pendant featuring a portrait could be related to personal style The significance of the necklace with the pendant featuring a portrait could be related to personal style The significance of the necklace with the pendant featuring a portrait could be related to personal style The significance of the necklace with the pendant featuring a portrait could be related to personal style The significance of the necklace with the pendant featuring a portrait could be related to personal style The significance of the necklace with the pendant featuring a portrait could be related to personal style The significance of the necklace with the pendant featuring a portrait could be related to personal style The significance of the necklace with the pendant featuring a portrait could be related to personal style The significance of the necklace with the pendant featuring a portrait could be related to personal style
../data/image/necklace/n03814906_86087.JPEG,n03814906_86087,necklace,"Please generate a question based on this picture. For example, 'What is in this picture' or 'What is on the table in the picture'. The question needs to be related to the picture and be a question. Do not copy the example, you need to write new content.",What type of jewelry is displayed in the picture?,The picture displays a necklace made of glass beads.,The picture displays a necklace made of glass beads beads beads beads,The picture displays a necklace made of glass beads The picture displays a necklace made of glass beads The picture displays a necklace made of glass beads,The picture displays a necklace made of glass beads beads beads beads beads beads,The picture displays a necklace made of glass beads The picture displays a necklace made of glass beads The picture displays a necklace made of glass beads The picture displays a necklace made of glass beads The picture displays a necklace made of glass beads,The picture displays a necklace made of glass beads beads beads beads beads beads beads beads beads beads beads,The picture displays a necklace made of glass beads The picture displays a necklace made of glass beads The picture displays a necklace made of glass beads The picture displays a necklace made of glass beads The picture displays a necklace made of glass beads The picture displays a necklace made of glass beads The picture displays a necklace made of glass beads The picture displays a necklace made of glass beads The picture displays a necklace made of glass beads The picture displays a necklace made of glass beads
../data/image/carton/n02971356_7074.JPEG,n02971356_7074,carton,"Please generate a question based on this picture. For example, 'What is in this picture' or 'What is on the table in the picture'. The question needs to be related to the picture and be a question. Do not copy the example, you need to write new content.",What type of equipment is depicted in the picture?,"The picture shows an old-fashioned audio mixing board, which is a piece of electronic equipment used for recording and mixing audio signals.",The picture shows an old-fashioned audio mixing board board board board,The picture shows an old-fashioned audio mixing board The picture shows an old-fashioned audio mixing board The picture shows an old-fashioned audio mixing board,The picture shows an old-fashioned audio mixing board board board board board board,The picture shows an old-fashioned audio mixing board The picture shows an old-fashioned audio mixing board The picture shows an old-fashioned audio mixing board The picture shows an old-fashioned audio mixing board The picture shows an old-fashioned audio mixing board,The picture shows an old-fashioned audio mixing board board board board board board board board board board board,The picture shows an old-fashioned audio mixing board The picture shows an old-fashioned audio mixing board The picture shows an old-fashioned audio mixing board The picture shows an old-fashioned audio mixing board The picture shows an old-fashioned audio mixing board The picture shows an old-fashioned audio mixing board The picture shows an old-fashioned audio mixing board The picture shows an old-fashioned audio mixing board The picture shows an old-fashioned audio mixing board The picture shows an old-fashioned audio mixing board
../data/image/carton/n02971356_14134.JPEG,n02971356_14134,carton,"Please generate a question based on this picture. For example, 'What is in this picture' or 'What is on the table in the picture'. The question needs to be related to the picture and be a question. Do not copy the example, you need to write new content.",What type of origami box is depicted in the picture?,The picture shows a green origami box with a yellow bow on top.,The picture shows a green origami box with a yellow bow on top top top top,The picture shows a green origami box with a yellow bow on top The picture shows a green origami box with a yellow bow on top The picture shows a green origami box with a yellow bow on top,The picture shows a green origami box with a yellow bow on top top top top top top,The picture shows a green origami box with a yellow bow on top The picture shows a green origami box with a yellow bow on top The picture shows a green origami box with a yellow bow on top The picture shows a green origami box with a yellow bow on top The picture shows a green origami box with a yellow bow on top,The picture shows a green origami box with a yellow bow on top top top top top top top top top top top,The picture shows a green origami box with a yellow bow on top The picture shows a green origami box with a yellow bow on top The picture shows a green origami box with a yellow bow on top The picture shows a green origami box with a yellow bow on top The picture shows a green origami box with a yellow bow on top The picture shows a green origami box with a yellow bow on top The picture shows a green origami box with a yellow bow on top The picture shows a green origami box with a yellow bow on top The picture shows a green origami box with a yellow bow on top The picture shows a green origami box with a yellow bow on top
../data/image/carton/n02971356_6724.JPEG,n02971356_6724,carton,"Please generate a question based on this picture. For example, 'What is in this picture' or 'What is on the table in the picture'. The question needs to be related to the picture and be a question. Do not copy the example, you need to write new content.",What product is being sold in this picture?,"In this picture, a box containing a desktop computer is being sold.",In this picture picture picture picture,In this picture In this picture In this picture,In this picture picture picture picture picture picture,In this picture In this picture In this picture In this picture In this picture,In this picture picture picture picture picture picture picture picture picture picture picture,In this picture In this picture In this picture In this picture In this picture In this picture In this picture In this picture In this picture In this picture
../data/image/carton/n02971356_30993.JPEG,n02971356_30993,carton,"Please generate a question based on this picture. For example, 'What is in this picture' or 'What is on the table in the picture'. The question needs to be related to the picture and be a question. Do not copy the example, you need to write new content.",What type of produce is being sold at the market?,The man at the market is selling bananas.,The man at the market is selling bananas bananas bananas bananas,The man at the market is selling bananas The man at the market is selling bananas The man at the market is selling bananas,The man at the market is selling bananas bananas bananas bananas bananas bananas,The man at the market is selling bananas The man at the market is selling bananas The man at the market is selling bananas The man at the market is selling bananas The man at the market is selling bananas,The man at the market is selling bananas bananas bananas bananas bananas bananas bananas bananas bananas bananas bananas,The man at the market is selling bananas The man at the market is selling bananas The man at the market is selling bananas The man at the market is selling bananas The man at the market is selling bananas The man at the market is selling bananas The man at the market is selling bananas The man at the market is selling bananas The man at the market is selling bananas The man at the market is selling bananas
../data/image/carton/n02971356_17472.JPEG,n02971356_17472,carton,"Please generate a question based on this picture. For example, 'What is in this picture' or 'What is on the table in the picture'. The question needs to be related to the picture and be a question. Do not copy the example, you need to write new content.",What is the kitten hiding behind in the picture?,The kitten is hiding behind a cardboard box in the picture.,The kitten is hiding behind a cardboard box in the picture picture picture picture,The kitten is hiding behind a cardboard box in the picture The kitten is hiding behind a cardboard box in the picture The kitten is hiding behind a cardboard box in the picture,The kitten is hiding behind a cardboard box in the picture picture picture picture picture picture,The kitten is hiding behind a cardboard box in the picture The kitten is hiding behind a cardboard box in the picture The kitten is hiding behind a cardboard box in the picture The kitten is hiding behind a cardboard box in the picture The kitten is hiding behind a cardboard box in the picture,The kitten is hiding behind a cardboard box in the picture picture picture picture picture picture picture picture picture picture picture,The kitten is hiding behind a cardboard box in the picture The kitten is hiding behind a cardboard box in the picture The kitten is hiding behind a cardboard box in the picture The kitten is hiding behind a cardboard box in the picture The kitten is hiding behind a cardboard box in the picture The kitten is hiding behind a cardboard box in the picture The kitten is hiding behind a cardboard box in the picture The kitten is hiding behind a cardboard box in the picture The kitten is hiding behind a cardboard box in the picture The kitten is hiding behind a cardboard box in the picture
../data/image/folding_chair/n03376595_5160.JPEG,n03376595_5160,folding_chair,"Please generate a question based on this picture. For example, 'What is in this picture' or 'What is on the table in the picture'. The question needs to be related to the picture and be a question. Do not copy the example, you need to write new content.",What is the person sitting on the chair doing?,"The person sitting on the chair is likely enjoying the snowy environment, possibly taking a break or relaxing. The chair is placed in the snow, and there are some items, such as a backpack and a bottle, nearby. The presence of the backpack and the bottle suggests that the person might be on a hike or a winter outing, and they have stopped to rest or take a break from their activity.",The person sitting on the chair is likely enjoying the snowy environment environment environment environment,The person sitting on the chair is likely enjoying the snowy environment The person sitting on the chair is likely enjoying the snowy environment The person sitting on the chair is likely enjoying the snowy environment,The person sitting on the chair is likely enjoying the snowy environment environment environment environment environment environment,The person sitting on the chair is likely enjoying the snowy environment The person sitting on the chair is likely enjoying the snowy environment The person sitting on the chair is likely enjoying the snowy environment The person sitting on the chair is likely enjoying the snowy environment The person sitting on the chair is likely enjoying the snowy environment,The person sitting on the chair is likely enjoying the snowy environment environment environment environment environment environment environment environment environment environment environment,The person sitting on the chair is likely enjoying the snowy environment The person sitting on the chair is likely enjoying the snowy environment The person sitting on the chair is likely enjoying the snowy environment The person sitting on the chair is likely enjoying the snowy environment The person sitting on the chair is likely enjoying the snowy environment The person sitting on the chair is likely enjoying the snowy environment The person sitting on the chair is likely enjoying the snowy environment The person sitting on the chair is likely enjoying the snowy environment The person sitting on the chair is likely enjoying the snowy environment The person sitting on the chair is likely enjoying the snowy environment
../data/image/folding_chair/n03376595_3725.JPEG,n03376595_3725,folding_chair,"Please generate a question based on this picture. For example, 'What is in this picture' or 'What is on the table in the picture'. The question needs to be related to the picture and be a question. Do not copy the example, you need to write new content.",What are the two chairs in the picture used for?,The two chairs in the picture are used for sitting and relaxing.,The two chairs in the picture are used for sitting and relaxing relaxing relaxing relaxing,The two chairs in the picture are used for sitting and relaxing The two chairs in the picture are used for sitting and relaxing The two chairs in the picture are used for sitting and relaxing,The two chairs in the picture are used for sitting and relaxing relaxing relaxing relaxing relaxing relaxing,The two chairs in the picture are used for sitting and relaxing The two chairs in the picture are used for sitting and relaxing The two chairs in the picture are used for sitting and relaxing The two chairs in the picture are used for sitting and relaxing The two chairs in the picture are used for sitting and relaxing,The two chairs in the picture are used for sitting and relaxing relaxing relaxing relaxing relaxing relaxing relaxing relaxing relaxing relaxing relaxing,The two chairs in the picture are used for sitting and relaxing The two chairs in the picture are used for sitting and relaxing The two chairs in the picture are used for sitting and relaxing The two chairs in the picture are used for sitting and relaxing The two chairs in the picture are used for sitting and relaxing The two chairs in the picture are used for sitting and relaxing The two chairs in the picture are used for sitting and relaxing The two chairs in the picture are used for sitting and relaxing The two chairs in the picture are used for sitting and relaxing The two chairs in the picture are used for sitting and relaxing
../data/image/folding_chair/n03376595_15910.JPEG,n03376595_15910,folding_chair,"Please generate a question based on this picture. For example, 'What is in this picture' or 'What is on the table in the picture'. The question needs to be related to the picture and be a question. Do not copy the example, you need to write new content.",What type of outdoor furniture is shown in the picture?,The picture shows a wooden lawn chair.,The picture shows a wooden lawn chair chair chair chair,The picture shows a wooden lawn chair The picture shows a wooden lawn chair The picture shows a wooden lawn chair,The picture shows a wooden lawn chair chair chair chair chair chair,The picture shows a wooden lawn chair The picture shows a wooden lawn chair The picture shows a wooden lawn chair The picture shows a wooden lawn chair The picture shows a wooden lawn chair,The picture shows a wooden lawn chair chair chair chair chair chair chair chair chair chair chair,The picture shows a wooden lawn chair The picture shows a wooden lawn chair The picture shows a wooden lawn chair The picture shows a wooden lawn chair The picture shows a wooden lawn chair The picture shows a wooden lawn chair The picture shows a wooden lawn chair The picture shows a wooden lawn chair The picture shows a wooden lawn chair The picture shows a wooden lawn chair
../data/image/folding_chair/n03376595_4529.JPEG,n03376595_4529,folding_chair,"Please generate a question based on this picture. For example, 'What is in this picture' or 'What is on the table in the picture'. The question needs to be related to the picture and be a question. Do not copy the example, you need to write new content.",What type of chairs are shown in the picture?,The picture shows two metal folding chairs.,The picture shows two metal folding chairs chairs chairs chairs,The picture shows two metal folding chairs The picture shows two metal folding chairs The picture shows two metal folding chairs,The picture shows two metal folding chairs chairs chairs chairs chairs chairs,The picture shows two metal folding chairs The picture shows two metal folding chairs The picture shows two metal folding chairs The picture shows two metal folding chairs The picture shows two metal folding chairs,The picture shows two metal folding chairs chairs chairs chairs chairs chairs chairs chairs chairs chairs chairs,The picture shows two metal folding chairs The picture shows two metal folding chairs The picture shows two metal folding chairs The picture shows two metal folding chairs The picture shows two metal folding chairs The picture shows two metal folding chairs The picture shows two metal folding chairs The picture shows two metal folding chairs The picture shows two metal folding chairs The picture shows two metal folding chairs
../data/image/folding_chair/n03376595_830.JPEG,n03376595_830,folding_chair,"Please generate a question based on this picture. For example, 'What is in this picture' or 'What is on the table in the picture'. The question needs to be related to the picture and be a question. Do not copy the example, you need to write new content.",What is the purpose of the striped lounge chair in the outdoor setting?,"The purpose of the striped lounge chair in the outdoor setting is to provide a comfortable and relaxing spot for people to sit, rest, and enjoy the outdoor environment. The chair is placed on a gravel surface, which can be a part of a backyard or a park, and it is designed to offer a comfortable seating experience. The striped pattern adds a visually appealing touch to the chair, making it an attractive addition to the outdoor space. The chair can be used for various activities, such as reading, socializing, or simply enjoying the surroundings.",The purpose of the striped lounge chair in the outdoor setting is to provide a comfortable and relaxing spot for people to sit sit sit sit,The purpose of the striped lounge chair in the outdoor setting is to provide a comfortable and relaxing spot for people to sit The purpose of the striped lounge chair in the outdoor setting is to provide a comfortable and relaxing spot for people to sit The purpose of the striped lounge chair in the outdoor setting is to provide a comfortable and relaxing spot for people to sit,The purpose of the striped lounge chair in the outdoor setting is to provide a comfortable and relaxing spot for people to sit sit sit sit sit sit,The purpose of the striped lounge chair in the outdoor setting is to provide a comfortable and relaxing spot for people to sit The purpose of the striped lounge chair in the outdoor setting is to provide a comfortable and relaxing spot for people to sit The purpose of the striped lounge chair in the outdoor setting is to provide a comfortable and relaxing spot for people to sit The purpose of the striped lounge chair in the outdoor setting is to provide a comfortable and relaxing spot for people to sit The purpose of the striped lounge chair in the outdoor setting is to provide a comfortable and relaxing spot for people to sit,The purpose of the striped lounge chair in the outdoor setting is to provide a comfortable and relaxing spot for people to sit sit sit sit sit sit sit sit sit sit sit,The purpose of the striped lounge chair in the outdoor setting is to provide a comfortable and relaxing spot for people to sit The purpose of the striped lounge chair in the outdoor setting is to provide a comfortable and relaxing spot for people to sit The purpose of the striped lounge chair in the outdoor setting is to provide a comfortable and relaxing spot for people to sit The purpose of the striped lounge chair in the outdoor setting is to provide a comfortable and relaxing spot for people to sit The purpose of the striped lounge chair in the outdoor setting is to provide a comfortable and relaxing spot for people to sit The purpose of the striped lounge chair in the outdoor setting is to provide a comfortable and relaxing spot for people to sit The purpose of the striped lounge chair in the outdoor setting is to provide a comfortable and relaxing spot for people to sit The purpose of the striped lounge chair in the outdoor setting is to provide a comfortable and relaxing spot for people to sit The purpose of the striped lounge chair in the outdoor setting is to provide a comfortable and relaxing spot for people to sit The purpose of the striped lounge chair in the outdoor setting is to provide a comfortable and relaxing spot for people to sit
../data/image/corkscrew/n03109150_9247.JPEG,n03109150_9247,corkscrew,"Please generate a question based on this picture. For example, 'What is in this picture' or 'What is on the table in the picture'. The question needs to be related to the picture and be a question. Do not copy the example, you need to write new content.",What is the purpose of the corkscrew in the picture?,"The purpose of the corkscrew in the picture is to open wine bottles. The corkscrew is a tool used to remove the cork from a wine bottle, allowing the wine to flow out. The image shows a close-up of the corkscrew, which is made of metal and has a silver color.",The purpose of the corkscrew in the picture is to open wine bottles bottles bottles bottles,The purpose of the corkscrew in the picture is to open wine bottles The purpose of the corkscrew in the picture is to open wine bottles The purpose of the corkscrew in the picture is to open wine bottles,The purpose of the corkscrew in the picture is to open wine bottles bottles bottles bottles bottles bottles,The purpose of the corkscrew in the picture is to open wine bottles The purpose of the corkscrew in the picture is to open wine bottles The purpose of the corkscrew in the picture is to open wine bottles The purpose of the corkscrew in the picture is to open wine bottles The purpose of the corkscrew in the picture is to open wine bottles,The purpose of the corkscrew in the picture is to open wine bottles bottles bottles bottles bottles bottles bottles bottles bottles bottles bottles,The purpose of the corkscrew in the picture is to open wine bottles The purpose of the corkscrew in the picture is to open wine bottles The purpose of the corkscrew in the picture is to open wine bottles The purpose of the corkscrew in the picture is to open wine bottles The purpose of the corkscrew in the picture is to open wine bottles The purpose of the corkscrew in the picture is to open wine bottles The purpose of the corkscrew in the picture is to open wine bottles The purpose of the corkscrew in the picture is to open wine bottles The purpose of the corkscrew in the picture is to open wine bottles The purpose of the corkscrew in the picture is to open wine bottles
../data/image/corkscrew/n03109150_4957.JPEG,n03109150_4957,corkscrew,"Please generate a question based on this picture. For example, 'What is in this picture' or 'What is on the table in the picture'. The question needs to be related to the picture and be a question. Do not copy the example, you need to write new content.",What are these two items used for?,"The two items in the image are a corkscrew and a bottle opener. They are both used for opening bottles, specifically for removing corks or bottle caps. The corkscrew, also known as a wine opener, is a handheld tool with a spiral design that helps to remove the cork from the bottle. The bottle opener, on the other hand, is a flat, circular tool with a hole in the center, which is used to open the bottle cap by applying pressure and twisting the tool. Both items are essential tools for opening bott",The two items in the image are a corkscrew and a bottle opener opener opener opener,The two items in the image are a corkscrew and a bottle opener The two items in the image are a corkscrew and a bottle opener The two items in the image are a corkscrew and a bottle opener,The two items in the image are a corkscrew and a bottle opener opener opener opener opener opener,The two items in the image are a corkscrew and a bottle opener The two items in the image are a corkscrew and a bottle opener The two items in the image are a corkscrew and a bottle opener The two items in the image are a corkscrew and a bottle opener The two items in the image are a corkscrew and a bottle opener,The two items in the image are a corkscrew and a bottle opener opener opener opener opener opener opener opener opener opener opener,The two items in the image are a corkscrew and a bottle opener The two items in the image are a corkscrew and a bottle opener The two items in the image are a corkscrew and a bottle opener The two items in the image are a corkscrew and a bottle opener The two items in the image are a corkscrew and a bottle opener The two items in the image are a corkscrew and a bottle opener The two items in the image are a corkscrew and a bottle opener The two items in the image are a corkscrew and a bottle opener The two items in the image are a corkscrew and a bottle opener The two items in the image are a corkscrew and a bottle opener
../data/image/corkscrew/n03109150_6998.JPEG,n03109150_6998,corkscrew,"Please generate a question based on this picture. For example, 'What is in this picture' or 'What is on the table in the picture'. The question needs to be related to the picture and be a question. Do not copy the example, you need to write new content.",What type of jewelry item is depicted in the picture?,The picture shows a gold cross necklace.,The picture shows a gold cross necklace necklace necklace necklace,The picture shows a gold cross necklace The picture shows a gold cross necklace The picture shows a gold cross necklace,The picture shows a gold cross necklace necklace necklace necklace necklace necklace,The picture shows a gold cross necklace The picture shows a gold cross necklace The picture shows a gold cross necklace The picture shows a gold cross necklace The picture shows a gold cross necklace,The picture shows a gold cross necklace necklace necklace necklace necklace necklace necklace necklace necklace necklace necklace,The picture shows a gold cross necklace The picture shows a gold cross necklace The picture shows a gold cross necklace The picture shows a gold cross necklace The picture shows a gold cross necklace The picture shows a gold cross necklace The picture shows a gold cross necklace The picture shows a gold cross necklace The picture shows a gold cross necklace The picture shows a gold cross necklace
../data/image/corkscrew/n03109150_24105.JPEG,n03109150_24105,corkscrew,"Please generate a question based on this picture. For example, 'What is in this picture' or 'What is on the table in the picture'. The question needs to be related to the picture and be a question. Do not copy the example, you need to write new content.",What is the purpose of the object in the person's hand?,"The object in the person's hand is a pair of scissors, which is a tool used for cutting various materials, such as paper, fabric, or thin plastic. The person is holding the scissors open, which indicates that they are likely preparing to cut something or have just finished cutting. The purpose of the scissors is to provide a precise and controlled cutting action, making them a useful tool in various tasks, such as arts and crafts, sewing, or office work.",The object in the person's hand is a pair of scissors scissors scissors scissors,The object in the person's hand is a pair of scissors The object in the person's hand is a pair of scissors The object in the person's hand is a pair of scissors,The object in the person's hand is a pair of scissors scissors scissors scissors scissors scissors,The object in the person's hand is a pair of scissors The object in the person's hand is a pair of scissors The object in the person's hand is a pair of scissors The object in the person's hand is a pair of scissors The object in the person's hand is a pair of scissors,The object in the person's hand is a pair of scissors scissors scissors scissors scissors scissors scissors scissors scissors scissors scissors,The object in the person's hand is a pair of scissors The object in the person's hand is a pair of scissors The object in the person's hand is a pair of scissors The object in the person's hand is a pair of scissors The object in the person's hand is a pair of scissors The object in the person's hand is a pair of scissors The object in the person's hand is a pair of scissors The object in the person's hand is a pair of scissors The object in the person's hand is a pair of scissors The object in the person's hand is a pair of scissors
../data/image/corkscrew/n03109150_12675.JPEG,n03109150_12675,corkscrew,"Please generate a question based on this picture. For example, 'What is in this picture' or 'What is on the table in the picture'. The question needs to be related to the picture and be a question. Do not copy the example, you need to write new content.",What tools can be found inside the leather case in the picture?,"Inside the leather case in the picture, there are various tools, including a Swiss Army knife, a pocket knife, and a pair of scissors. These tools are commonly used for various purposes, such as cutting, opening, and closing items.",Inside the leather case in the picture picture picture picture,Inside the leather case in the picture Inside the leather case in the picture Inside the leather case in the picture,Inside the leather case in the picture picture picture picture picture picture,Inside the leather case in the picture Inside the leather case in the picture Inside the leather case in the picture Inside the leather case in the picture Inside the leather case in the picture,Inside the leather case in the picture picture picture picture picture picture picture picture picture picture picture,Inside the leather case in the picture Inside the leather case in the picture Inside the leather case in the picture Inside the leather case in the picture Inside the leather case in the picture Inside the leather case in the picture Inside the leather case in the picture Inside the leather case in the picture Inside the leather case in the picture Inside the leather case in the picture
../data/image/crash_helmet/n03127747_828.JPEG,n03127747_828,crash_helmet,"Please generate a question based on this picture. For example, 'What is in this picture' or 'What is on the table in the picture'. The question needs to be related to the picture and be a question. Do not copy the example, you need to write new content.",What type of helmet is depicted in the image?,"The image shows a black and orange helmet, which is likely a motorcycle helmet.",The image shows a black and orange helmet helmet helmet helmet,The image shows a black and orange helmet The image shows a black and orange helmet The image shows a black and orange helmet,The image shows a black and orange helmet helmet helmet helmet helmet helmet,The image shows a black and orange helmet The image shows a black and orange helmet The image shows a black and orange helmet The image shows a black and orange helmet The image shows a black and orange helmet,The image shows a black and orange helmet helmet helmet helmet helmet helmet helmet helmet helmet helmet helmet,The image shows a black and orange helmet The image shows a black and orange helmet The image shows a black and orange helmet The image shows a black and orange helmet The image shows a black and orange helmet The image shows a black and orange helmet The image shows a black and orange helmet The image shows a black and orange helmet The image shows a black and orange helmet The image shows a black and orange helmet
../data/image/crash_helmet/n03127747_2581.JPEG,n03127747_2581,crash_helmet,"Please generate a question based on this picture. For example, 'What is in this picture' or 'What is on the table in the picture'. The question needs to be related to the picture and be a question. Do not copy the example, you need to write new content.",What type of shoe is being shown in the picture?,The picture shows a shoe with a broken strap.,The picture shows a shoe with a broken strap strap strap strap,The picture shows a shoe with a broken strap The picture shows a shoe with a broken strap The picture shows a shoe with a broken strap,The picture shows a shoe with a broken strap strap strap strap strap strap,The picture shows a shoe with a broken strap The picture shows a shoe with a broken strap The picture shows a shoe with a broken strap The picture shows a shoe with a broken strap The picture shows a shoe with a broken strap,The picture shows a shoe with a broken strap strap strap strap strap strap strap strap strap strap strap,The picture shows a shoe with a broken strap The picture shows a shoe with a broken strap The picture shows a shoe with a broken strap The picture shows a shoe with a broken strap The picture shows a shoe with a broken strap The picture shows a shoe with a broken strap The picture shows a shoe with a broken strap The picture shows a shoe with a broken strap The picture shows a shoe with a broken strap The picture shows a shoe with a broken strap
../data/image/crash_helmet/n03127747_13511.JPEG,n03127747_13511,crash_helmet,"Please generate a question based on this picture. For example, 'What is in this picture' or 'What is on the table in the picture'. The question needs to be related to the picture and be a question. Do not copy the example, you need to write new content.",What type of helmet is shown in the picture?,The picture shows a silver motorcycle helmet.,The picture shows a silver motorcycle helmet helmet helmet helmet,The picture shows a silver motorcycle helmet The picture shows a silver motorcycle helmet The picture shows a silver motorcycle helmet,The picture shows a silver motorcycle helmet helmet helmet helmet helmet helmet,The picture shows a silver motorcycle helmet The picture shows a silver motorcycle helmet The picture shows a silver motorcycle helmet The picture shows a silver motorcycle helmet The picture shows a silver motorcycle helmet,The picture shows a silver motorcycle helmet helmet helmet helmet helmet helmet helmet helmet helmet helmet helmet,The picture shows a silver motorcycle helmet The picture shows a silver motorcycle helmet The picture shows a silver motorcycle helmet The picture shows a silver motorcycle helmet The picture shows a silver motorcycle helmet The picture shows a silver motorcycle helmet The picture shows a silver motorcycle helmet The picture shows a silver motorcycle helmet The picture shows a silver motorcycle helmet The picture shows a silver motorcycle helmet
../data/image/crash_helmet/n03127747_10442.JPEG,n03127747_10442,crash_helmet,"Please generate a question based on this picture. For example, 'What is in this picture' or 'What is on the table in the picture'. The question needs to be related to the picture and be a question. Do not copy the example, you need to write new content.",What is being reflected in the shiny surface of the motorcycle mirror?,The shiny surface of the motorcycle mirror is reflecting the image of a man and a car.,The shiny surface of the motorcycle mirror is reflecting the image of a man and a car car car car,The shiny surface of the motorcycle mirror is reflecting the image of a man and a car The shiny surface of the motorcycle mirror is reflecting the image of a man and a car The shiny surface of the motorcycle mirror is reflecting the image of a man and a car,The shiny surface of the motorcycle mirror is reflecting the image of a man and a car car car car car car,The shiny surface of the motorcycle mirror is reflecting the image of a man and a car The shiny surface of the motorcycle mirror is reflecting the image of a man and a car The shiny surface of the motorcycle mirror is reflecting the image of a man and a car The shiny surface of the motorcycle mirror is reflecting the image of a man and a car The shiny surface of the motorcycle mirror is reflecting the image of a man and a car,The shiny surface of the motorcycle mirror is reflecting the image of a man and a car car car car car car car car car car car,The shiny surface of the motorcycle mirror is reflecting the image of a man and a car The shiny surface of the motorcycle mirror is reflecting the image of a man and a car The shiny surface of the motorcycle mirror is reflecting the image of a man and a car The shiny surface of the motorcycle mirror is reflecting the image of a man and a car The shiny surface of the motorcycle mirror is reflecting the image of a man and a car The shiny surface of the motorcycle mirror is reflecting the image of a man and a car The shiny surface of the motorcycle mirror is reflecting the image of a man and a car The shiny surface of the motorcycle mirror is reflecting the image of a man and a car The shiny surface of the motorcycle mirror is reflecting the image of a man and a car The shiny surface of the motorcycle mirror is reflecting the image of a man and a car
../data/image/crash_helmet/n03127747_16787.JPEG,n03127747_16787,crash_helmet,"Please generate a question based on this picture. For example, 'What is in this picture' or 'What is on the table in the picture'. The question needs to be related to the picture and be a question. Do not copy the example, you need to write new content.",What type of helmet is shown in the picture?,The picture shows a black motorcycle helmet.,The picture shows a black motorcycle helmet helmet helmet helmet,The picture shows a black motorcycle helmet The picture shows a black motorcycle helmet The picture shows a black motorcycle helmet,The picture shows a black motorcycle helmet helmet helmet helmet helmet helmet,The picture shows a black motorcycle helmet The picture shows a black motorcycle helmet The picture shows a black motorcycle helmet The picture shows a black motorcycle helmet The picture shows a black motorcycle helmet,The picture shows a black motorcycle helmet helmet helmet helmet helmet helmet helmet helmet helmet helmet helmet,The picture shows a black motorcycle helmet The picture shows a black motorcycle helmet The picture shows a black motorcycle helmet The picture shows a black motorcycle helmet The picture shows a black motorcycle helmet The picture shows a black motorcycle helmet The picture shows a black motorcycle helmet The picture shows a black motorcycle helmet The picture shows a black motorcycle helmet The picture shows a black motorcycle helmet
../data/image/clog/n03047690_397.JPEG,n03047690_397,clog,"Please generate a question based on this picture. For example, 'What is in this picture' or 'What is on the table in the picture'. The question needs to be related to the picture and be a question. Do not copy the example, you need to write new content.",What type of slippers are depicted in the picture?,The picture shows a pair of purple slippers.,The picture shows a pair of purple slippers slippers slippers slippers,The picture shows a pair of purple slippers The picture shows a pair of purple slippers The picture shows a pair of purple slippers,The picture shows a pair of purple slippers slippers slippers slippers slippers slippers,The picture shows a pair of purple slippers The picture shows a pair of purple slippers The picture shows a pair of purple slippers The picture shows a pair of purple slippers The picture shows a pair of purple slippers,The picture shows a pair of purple slippers slippers slippers slippers slippers slippers slippers slippers slippers slippers slippers,The picture shows a pair of purple slippers The picture shows a pair of purple slippers The picture shows a pair of purple slippers The picture shows a pair of purple slippers The picture shows a pair of purple slippers The picture shows a pair of purple slippers The picture shows a pair of purple slippers The picture shows a pair of purple slippers The picture shows a pair of purple slippers The picture shows a pair of purple slippers
../data/image/clog/n03047690_10191.JPEG,n03047690_10191,clog,"Please generate a question based on this picture. For example, 'What is in this picture' or 'What is on the table in the picture'. The question needs to be related to the picture and be a question. Do not copy the example, you need to write new content.",What type of footwear is being worn in the picture?,A pair of black shoes is being worn in the picture.,A pair of black shoes is being worn in the picture picture picture picture,A pair of black shoes is being worn in the picture A pair of black shoes is being worn in the picture A pair of black shoes is being worn in the picture,A pair of black shoes is being worn in the picture picture picture picture picture picture,A pair of black shoes is being worn in the picture A pair of black shoes is being worn in the picture A pair of black shoes is being worn in the picture A pair of black shoes is being worn in the picture A pair of black shoes is being worn in the picture,A pair of black shoes is being worn in the picture picture picture picture picture picture picture picture picture picture picture,A pair of black shoes is being worn in the picture A pair of black shoes is being worn in the picture A pair of black shoes is being worn in the picture A pair of black shoes is being worn in the picture A pair of black shoes is being worn in the picture A pair of black shoes is being worn in the picture A pair of black shoes is being worn in the picture A pair of black shoes is being worn in the picture A pair of black shoes is being worn in the picture A pair of black shoes is being worn in the picture
../data/image/clog/n03047690_34134.JPEG,n03047690_34134,clog,"Please generate a question based on this picture. For example, 'What is in this picture' or 'What is on the table in the picture'. The question needs to be related to the picture and be a question. Do not copy the example, you need to write new content.",What is the woman wearing in the picture?,The woman in the picture is wearing a blue shirt and black shorts.,The woman in the picture is wearing a blue shirt and black shorts shorts shorts shorts,The woman in the picture is wearing a blue shirt and black shorts The woman in the picture is wearing a blue shirt and black shorts The woman in the picture is wearing a blue shirt and black shorts,The woman in the picture is wearing a blue shirt and black shorts shorts shorts shorts shorts shorts,The woman in the picture is wearing a blue shirt and black shorts The woman in the picture is wearing a blue shirt and black shorts The woman in the picture is wearing a blue shirt and black shorts The woman in the picture is wearing a blue shirt and black shorts The woman in the picture is wearing a blue shirt and black shorts,The woman in the picture is wearing a blue shirt and black shorts shorts shorts shorts shorts shorts shorts shorts shorts shorts shorts,The woman in the picture is wearing a blue shirt and black shorts The woman in the picture is wearing a blue shirt and black shorts The woman in the picture is wearing a blue shirt and black shorts The woman in the picture is wearing a blue shirt and black shorts The woman in the picture is wearing a blue shirt and black shorts The woman in the picture is wearing a blue shirt and black shorts The woman in the picture is wearing a blue shirt and black shorts The woman in the picture is wearing a blue shirt and black shorts The woman in the picture is wearing a blue shirt and black shorts The woman in the picture is wearing a blue shirt and black shorts
../data/image/clog/n03047690_23846.JPEG,n03047690_23846,clog,"Please generate a question based on this picture. For example, 'What is in this picture' or 'What is on the table in the picture'. The question needs to be related to the picture and be a question. Do not copy the example, you need to write new content.",What cultural significance do these wooden clogs hold?,"The wooden clogs in the image hold cultural significance as they are painted with traditional Dutch designs. These clogs are a symbol of Dutch heritage and craftsmanship. They are often associated with the Dutch countryside and are considered a traditional and iconic Dutch footwear. The clogs are handmade and feature intricate designs, which showcase the artistic skills of Dutch craftsmen. The presence of these clogs on a brick walkway in the Netherlands further emphasizes their cultural importance and connection to the local community.",The wooden clogs in the image hold cultural significance as they are painted with traditional Dutch designs designs designs designs,The wooden clogs in the image hold cultural significance as they are painted with traditional Dutch designs The wooden clogs in the image hold cultural significance as they are painted with traditional Dutch designs The wooden clogs in the image hold cultural significance as they are painted with traditional Dutch designs,The wooden clogs in the image hold cultural significance as they are painted with traditional Dutch designs designs designs designs designs designs,The wooden clogs in the image hold cultural significance as they are painted with traditional Dutch designs The wooden clogs in the image hold cultural significance as they are painted with traditional Dutch designs The wooden clogs in the image hold cultural significance as they are painted with traditional Dutch designs The wooden clogs in the image hold cultural significance as they are painted with traditional Dutch designs The wooden clogs in the image hold cultural significance as they are painted with traditional Dutch designs,The wooden clogs in the image hold cultural significance as they are painted with traditional Dutch designs designs designs designs designs designs designs designs designs designs designs,The wooden clogs in the image hold cultural significance as they are painted with traditional Dutch designs The wooden clogs in the image hold cultural significance as they are painted with traditional Dutch designs The wooden clogs in the image hold cultural significance as they are painted with traditional Dutch designs The wooden clogs in the image hold cultural significance as they are painted with traditional Dutch designs The wooden clogs in the image hold cultural significance as they are painted with traditional Dutch designs The wooden clogs in the image hold cultural significance as they are painted with traditional Dutch designs The wooden clogs in the image hold cultural significance as they are painted with traditional Dutch designs The wooden clogs in the image hold cultural significance as they are painted with traditional Dutch designs The wooden clogs in the image hold cultural significance as they are painted with traditional Dutch designs The wooden clogs in the image hold cultural significance as they are painted with traditional Dutch designs
../data/image/clog/n03047690_2681.JPEG,n03047690_2681,clog,"Please generate a question based on this picture. For example, 'What is in this picture' or 'What is on the table in the picture'. The question needs to be related to the picture and be a question. Do not copy the example, you need to write new content.",What seems to be the reason for the person's leg being in a cast?,"The person's leg is in a cast likely due to an injury or a medical condition that requires immobilization. In the image, the person is standing in a living room, wearing a brown shirt and khaki shorts, and has a blue cast on their leg. The cast is designed to provide support and stability to the injured area, allowing it to heal properly. The person's leg is also in a blue and black cast, which suggests that the injury might be severe or that the person is in the process of recovering from a more complicated injury.",The person's leg is in a cast likely due to an injury or a medical condition that requires immobilization immobilization immobilization immobilization,The person's leg is in a cast likely due to an injury or a medical condition that requires immobilization The person's leg is in a cast likely due to an injury or a medical condition that requires immobilization The person's leg is in a cast likely due to an injury or a medical condition that requires immobilization,The person's leg is in a cast likely due to an injury or a medical condition that requires immobilization immobilization immobilization immobilization immobilization immobilization,The person's leg is in a cast likely due to an injury or a medical condition that requires immobilization The person's leg is in a cast likely due to an injury or a medical condition that requires immobilization The person's leg is in a cast likely due to an injury or a medical condition that requires immobilization The person's leg is in a cast likely due to an injury or a medical condition that requires immobilization The person's leg is in a cast likely due to an injury or a medical condition that requires immobilization,The person's leg is in a cast likely due to an injury or a medical condition that requires immobilization immobilization immobilization immobilization immobilization immobilization immobilization immobilization immobilization immobilization immobilization,The person's leg is in a cast likely due to an injury or a medical condition that requires immobilization The person's leg is in a cast likely due to an injury or a medical condition that requires immobilization The person's leg is in a cast likely due to an injury or a medical condition that requires immobilization The person's leg is in a cast likely due to an injury or a medical condition that requires immobilization The person's leg is in a cast likely due to an injury or a medical condition that requires immobilization The person's leg is in a cast likely due to an injury or a medical condition that requires immobilization The person's leg is in a cast likely due to an injury or a medical condition that requires immobilization The person's leg is in a cast likely due to an injury or a medical condition that requires immobilization The person's leg is in a cast likely due to an injury or a medical condition that requires immobilization The person's leg is in a cast likely due to an injury or a medical condition that requires immobilization
../data/image/hand_blower/n03483316_15938.JPEG,n03483316_15938,hand_blower,"Please generate a question based on this picture. For example, 'What is in this picture' or 'What is on the table in the picture'. The question needs to be related to the picture and be a question. Do not copy the example, you need to write new content.",What is the brand of the hair dryer shown in the picture?,The brand of the hair dryer shown in the picture is Osaka.,The brand of the hair dryer shown in the picture is Osaka Osaka Osaka Osaka,The brand of the hair dryer shown in the picture is Osaka The brand of the hair dryer shown in the picture is Osaka The brand of the hair dryer shown in the picture is Osaka,The brand of the hair dryer shown in the picture is Osaka Osaka Osaka Osaka Osaka Osaka,The brand of the hair dryer shown in the picture is Osaka The brand of the hair dryer shown in the picture is Osaka The brand of the hair dryer shown in the picture is Osaka The brand of the hair dryer shown in the picture is Osaka The brand of the hair dryer shown in the picture is Osaka,The brand of the hair dryer shown in the picture is Osaka Osaka Osaka Osaka Osaka Osaka Osaka Osaka Osaka Osaka Osaka,The brand of the hair dryer shown in the picture is Osaka The brand of the hair dryer shown in the picture is Osaka The brand of the hair dryer shown in the picture is Osaka The brand of the hair dryer shown in the picture is Osaka The brand of the hair dryer shown in the picture is Osaka The brand of the hair dryer shown in the picture is Osaka The brand of the hair dryer shown in the picture is Osaka The brand of the hair dryer shown in the picture is Osaka The brand of the hair dryer shown in the picture is Osaka The brand of the hair dryer shown in the picture is Osaka
../data/image/hand_blower/n03483316_15277.JPEG,n03483316_15277,hand_blower,"Please generate a question based on this picture. For example, 'What is in this picture' or 'What is on the table in the picture'. The question needs to be related to the picture and be a question. Do not copy the example, you need to write new content.",What is the person doing in the picture?,The person in the picture is brushing their hair while holding a hair dryer.,The person in the picture is brushing their hair while holding a hair dryer dryer dryer dryer,The person in the picture is brushing their hair while holding a hair dryer The person in the picture is brushing their hair while holding a hair dryer The person in the picture is brushing their hair while holding a hair dryer,The person in the picture is brushing their hair while holding a hair dryer dryer dryer dryer dryer dryer,The person in the picture is brushing their hair while holding a hair dryer The person in the picture is brushing their hair while holding a hair dryer The person in the picture is brushing their hair while holding a hair dryer The person in the picture is brushing their hair while holding a hair dryer The person in the picture is brushing their hair while holding a hair dryer,The person in the picture is brushing their hair while holding a hair dryer dryer dryer dryer dryer dryer dryer dryer dryer dryer dryer,The person in the picture is brushing their hair while holding a hair dryer The person in the picture is brushing their hair while holding a hair dryer The person in the picture is brushing their hair while holding a hair dryer The person in the picture is brushing their hair while holding a hair dryer The person in the picture is brushing their hair while holding a hair dryer The person in the picture is brushing their hair while holding a hair dryer The person in the picture is brushing their hair while holding a hair dryer The person in the picture is brushing their hair while holding a hair dryer The person in the picture is brushing their hair while holding a hair dryer The person in the picture is brushing their hair while holding a hair dryer
../data/image/hand_blower/n03483316_4966.JPEG,n03483316_4966,hand_blower,"Please generate a question based on this picture. For example, 'What is in this picture' or 'What is on the table in the picture'. The question needs to be related to the picture and be a question. Do not copy the example, you need to write new content.",What is the purpose of the hair dryer shown in the picture?,"The purpose of the hair dryer shown in the picture is to dry and style hair. It is a black and red hair dryer with a cord, which is designed to help users achieve a smooth and polished look by drying wet hair and controlling frizz. The hair dryer is placed on a table, and its design suggests that it is a portable and convenient tool for personal grooming and hair care.",The purpose of the hair dryer shown in the picture is to dry and style hair hair hair hair,The purpose of the hair dryer shown in the picture is to dry and style hair The purpose of the hair dryer shown in the picture is to dry and style hair The purpose of the hair dryer shown in the picture is to dry and style hair,The purpose of the hair dryer shown in the picture is to dry and style hair hair hair hair hair hair,The purpose of the hair dryer shown in the picture is to dry and style hair The purpose of the hair dryer shown in the picture is to dry and style hair The purpose of the hair dryer shown in the picture is to dry and style hair The purpose of the hair dryer shown in the picture is to dry and style hair The purpose of the hair dryer shown in the picture is to dry and style hair,The purpose of the hair dryer shown in the picture is to dry and style hair hair hair hair hair hair hair hair hair hair hair,The purpose of the hair dryer shown in the picture is to dry and style hair The purpose of the hair dryer shown in the picture is to dry and style hair The purpose of the hair dryer shown in the picture is to dry and style hair The purpose of the hair dryer shown in the picture is to dry and style hair The purpose of the hair dryer shown in the picture is to dry and style hair The purpose of the hair dryer shown in the picture is to dry and style hair The purpose of the hair dryer shown in the picture is to dry and style hair The purpose of the hair dryer shown in the picture is to dry and style hair The purpose of the hair dryer shown in the picture is to dry and style hair The purpose of the hair dryer shown in the picture is to dry and style hair
../data/image/hand_blower/n03483316_9368.JPEG,n03483316_9368,hand_blower,"Please generate a question based on this picture. For example, 'What is in this picture' or 'What is on the table in the picture'. The question needs to be related to the picture and be a question. Do not copy the example, you need to write new content.",What is the purpose of the device shown in the picture?,"The device shown in the picture is a hair dryer, which is designed to dry and style hair. It features a white and black color scheme and is equipped with a motor and a fan. The hair dryer is used by people to dry their hair after washing or to style their hair by blowing it with hot air.",The device shown in the picture is a hair dryer dryer dryer dryer,The device shown in the picture is a hair dryer The device shown in the picture is a hair dryer The device shown in the picture is a hair dryer,The device shown in the picture is a hair dryer dryer dryer dryer dryer dryer,The device shown in the picture is a hair dryer The device shown in the picture is a hair dryer The device shown in the picture is a hair dryer The device shown in the picture is a hair dryer The device shown in the picture is a hair dryer,The device shown in the picture is a hair dryer dryer dryer dryer dryer dryer dryer dryer dryer dryer dryer,The device shown in the picture is a hair dryer The device shown in the picture is a hair dryer The device shown in the picture is a hair dryer The device shown in the picture is a hair dryer The device shown in the picture is a hair dryer The device shown in the picture is a hair dryer The device shown in the picture is a hair dryer The device shown in the picture is a hair dryer The device shown in the picture is a hair dryer The device shown in the picture is a hair dryer
../data/image/hand_blower/n03483316_17231.JPEG,n03483316_17231,hand_blower,"Please generate a question based on this picture. For example, 'What is in this picture' or 'What is on the table in the picture'. The question needs to be related to the picture and be a question. Do not copy the example, you need to write new content.",What type of bathroom do you think this is?,"Based on the image, this appears to be a hotel bathroom. The presence of a toilet, sink, and shower suggests that it is a well-equipped bathroom designed for guests' comfort and convenience. The bathroom also features a telephone, which is a common amenity in hotel rooms for guests' communication needs. The overall layout and design of the bathroom indicate that it is likely part of a hotel establishment.",Based on the image image image image,Based on the image Based on the image Based on the image,Based on the image image image image image image,Based on the image Based on the image Based on the image Based on the image Based on the image,Based on the image image image image image image image image image image image,Based on the image Based on the image Based on the image Based on the image Based on the image Based on the image Based on the image Based on the image Based on the image Based on the image
../data/image/plastic_bag/n03958227_135.JPEG,n03958227_135,plastic_bag,"Please generate a question based on this picture. For example, 'What is in this picture' or 'What is on the table in the picture'. The question needs to be related to the picture and be a question. Do not copy the example, you need to write new content.",What type of packaging does Hazel Valley Packaging specialize in?,"Hazel Valley Packaging specializes in packaging materials, particularly plastic bags. In the image, there is a large white plastic bag with a logo on it, which is a typical packaging material used for various purposes such as storing, transporting, or protecting items. The company's focus on plastic bags suggests that they offer a range of products and services related to plastic packaging solutions.",Hazel Valley Packaging specializes in packaging materials materials materials materials,Hazel Valley Packaging specializes in packaging materials Hazel Valley Packaging specializes in packaging materials Hazel Valley Packaging specializes in packaging materials,Hazel Valley Packaging specializes in packaging materials materials materials materials materials materials,Hazel Valley Packaging specializes in packaging materials Hazel Valley Packaging specializes in packaging materials Hazel Valley Packaging specializes in packaging materials Hazel Valley Packaging specializes in packaging materials Hazel Valley Packaging specializes in packaging materials,Hazel Valley Packaging specializes in packaging materials materials materials materials materials materials materials materials materials materials materials,Hazel Valley Packaging specializes in packaging materials Hazel Valley Packaging specializes in packaging materials Hazel Valley Packaging specializes in packaging materials Hazel Valley Packaging specializes in packaging materials Hazel Valley Packaging specializes in packaging materials Hazel Valley Packaging specializes in packaging materials Hazel Valley Packaging specializes in packaging materials Hazel Valley Packaging specializes in packaging materials Hazel Valley Packaging specializes in packaging materials Hazel Valley Packaging specializes in packaging materials
../data/image/plastic_bag/n03958227_6033.JPEG,n03958227_6033,plastic_bag,"Please generate a question based on this picture. For example, 'What is in this picture' or 'What is on the table in the picture'. The question needs to be related to the picture and be a question. Do not copy the example, you need to write new content.",What items are being prepared for cooking in the picture?,"In the picture, there are two bags of beans and a bag of chicken being prepared for cooking. The beans are placed in a plastic bag, and the chicken is also in a plastic bag. These items are likely being prepared for a meal or a dish that requires the use of beans and chicken.",In the picture picture picture picture,In the picture In the picture In the picture,In the picture picture picture picture picture picture,In the picture In the picture In the picture In the picture In the picture,In the picture picture picture picture picture picture picture picture picture picture picture,In the picture In the picture In the picture In the picture In the picture In the picture In the picture In the picture In the picture In the picture
../data/image/plastic_bag/n03958227_8725.JPEG,n03958227_8725,plastic_bag,"Please generate a question based on this picture. For example, 'What is in this picture' or 'What is on the table in the picture'. The question needs to be related to the picture and be a question. Do not copy the example, you need to write new content.",What is the cat doing in the plastic bags?,The cat is laying down and resting in the plastic bags.,The cat is laying down and resting in the plastic bags bags bags bags,The cat is laying down and resting in the plastic bags The cat is laying down and resting in the plastic bags The cat is laying down and resting in the plastic bags,The cat is laying down and resting in the plastic bags bags bags bags bags bags,The cat is laying down and resting in the plastic bags The cat is laying down and resting in the plastic bags The cat is laying down and resting in the plastic bags The cat is laying down and resting in the plastic bags The cat is laying down and resting in the plastic bags,The cat is laying down and resting in the plastic bags bags bags bags bags bags bags bags bags bags bags,The cat is laying down and resting in the plastic bags The cat is laying down and resting in the plastic bags The cat is laying down and resting in the plastic bags The cat is laying down and resting in the plastic bags The cat is laying down and resting in the plastic bags The cat is laying down and resting in the plastic bags The cat is laying down and resting in the plastic bags The cat is laying down and resting in the plastic bags The cat is laying down and resting in the plastic bags The cat is laying down and resting in the plastic bags
../data/image/plastic_bag/n03958227_400.JPEG,n03958227_400,plastic_bag,"Please generate a question based on this picture. For example, 'What is in this picture' or 'What is on the table in the picture'. The question needs to be related to the picture and be a question. Do not copy the example, you need to write new content.",What items are being carried in the plastic bag?,"The plastic bag is filled with various food items, including chips, snacks, and possibly other groceries.",The plastic bag is filled with various food items items items items,The plastic bag is filled with various food items The plastic bag is filled with various food items The plastic bag is filled with various food items,The plastic bag is filled with various food items items items items items items,The plastic bag is filled with various food items The plastic bag is filled with various food items The plastic bag is filled with various food items The plastic bag is filled with various food items The plastic bag is filled with various food items,The plastic bag is filled with various food items items items items items items items items items items items,The plastic bag is filled with various food items The plastic bag is filled with various food items The plastic bag is filled with various food items The plastic bag is filled with various food items The plastic bag is filled with various food items The plastic bag is filled with various food items The plastic bag is filled with various food items The plastic bag is filled with various food items The plastic bag is filled with various food items The plastic bag is filled with various food items
../data/image/plastic_bag/n03958227_6415.JPEG,n03958227_6415,plastic_bag,"Please generate a question based on this picture. For example, 'What is in this picture' or 'What is on the table in the picture'. The question needs to be related to the picture and be a question. Do not copy the example, you need to write new content.",What is the purpose of the black plastic bag on the sidewalk?,"The black plastic bag on the sidewalk is likely being used for waste disposal or to collect trash. It is placed on the sidewalk, possibly near a trash can, to facilitate easy collection and transportation of the waste. The bag's purpose is to help keep the sidewalk clean and maintain a pleasant environment for pedestrians and residents.",The black plastic bag on the sidewalk is likely being used for waste disposal or to collect trash trash trash trash,The black plastic bag on the sidewalk is likely being used for waste disposal or to collect trash The black plastic bag on the sidewalk is likely being used for waste disposal or to collect trash The black plastic bag on the sidewalk is likely being used for waste disposal or to collect trash,The black plastic bag on the sidewalk is likely being used for waste disposal or to collect trash trash trash trash trash trash,The black plastic bag on the sidewalk is likely being used for waste disposal or to collect trash The black plastic bag on the sidewalk is likely being used for waste disposal or to collect trash The black plastic bag on the sidewalk is likely being used for waste disposal or to collect trash The black plastic bag on the sidewalk is likely being used for waste disposal or to collect trash The black plastic bag on the sidewalk is likely being used for waste disposal or to collect trash,The black plastic bag on the sidewalk is likely being used for waste disposal or to collect trash trash trash trash trash trash trash trash trash trash trash,The black plastic bag on the sidewalk is likely being used for waste disposal or to collect trash The black plastic bag on the sidewalk is likely being used for waste disposal or to collect trash The black plastic bag on the sidewalk is likely being used for waste disposal or to collect trash The black plastic bag on the sidewalk is likely being used for waste disposal or to collect trash The black plastic bag on the sidewalk is likely being used for waste disposal or to collect trash The black plastic bag on the sidewalk is likely being used for waste disposal or to collect trash The black plastic bag on the sidewalk is likely being used for waste disposal or to collect trash The black plastic bag on the sidewalk is likely being used for waste disposal or to collect trash The black plastic bag on the sidewalk is likely being used for waste disposal or to collect trash The black plastic bag on the sidewalk is likely being used for waste disposal or to collect trash
../data/image/pot/n03991062_28793.JPEG,n03991062_28793,pot,"Please generate a question based on this picture. For example, 'What is in this picture' or 'What is on the table in the picture'. The question needs to be related to the picture and be a question. Do not copy the example, you need to write new content.",What type of plant is growing in the terracotta pot?,"The terracotta pot is filled with a flowering plant, which is likely a small tree or a bush with flowers.",The terracotta pot is filled with a flowering plant plant plant plant,The terracotta pot is filled with a flowering plant The terracotta pot is filled with a flowering plant The terracotta pot is filled with a flowering plant,The terracotta pot is filled with a flowering plant plant plant plant plant plant,The terracotta pot is filled with a flowering plant The terracotta pot is filled with a flowering plant The terracotta pot is filled with a flowering plant The terracotta pot is filled with a flowering plant The terracotta pot is filled with a flowering plant,The terracotta pot is filled with a flowering plant plant plant plant plant plant plant plant plant plant plant,The terracotta pot is filled with a flowering plant The terracotta pot is filled with a flowering plant The terracotta pot is filled with a flowering plant The terracotta pot is filled with a flowering plant The terracotta pot is filled with a flowering plant The terracotta pot is filled with a flowering plant The terracotta pot is filled with a flowering plant The terracotta pot is filled with a flowering plant The terracotta pot is filled with a flowering plant The terracotta pot is filled with a flowering plant
../data/image/pot/n03991062_19430.JPEG,n03991062_19430,pot,"Please generate a question based on this picture. For example, 'What is in this picture' or 'What is on the table in the picture'. The question needs to be related to the picture and be a question. Do not copy the example, you need to write new content.",What type of plants are growing in the pot?,"The pot contains a variety of plants, including a red flower and some green leaves.",The pot contains a variety of plants plants plants plants,The pot contains a variety of plants The pot contains a variety of plants The pot contains a variety of plants,The pot contains a variety of plants plants plants plants plants plants,The pot contains a variety of plants The pot contains a variety of plants The pot contains a variety of plants The pot contains a variety of plants The pot contains a variety of plants,The pot contains a variety of plants plants plants plants plants plants plants plants plants plants plants,The pot contains a variety of plants The pot contains a variety of plants The pot contains a variety of plants The pot contains a variety of plants The pot contains a variety of plants The pot contains a variety of plants The pot contains a variety of plants The pot contains a variety of plants The pot contains a variety of plants The pot contains a variety of plants
../data/image/pot/n03991062_7215.JPEG,n03991062_7215,pot,"Please generate a question based on this picture. For example, 'What is in this picture' or 'What is on the table in the picture'. The question needs to be related to the picture and be a question. Do not copy the example, you need to write new content.",What types of flowers are featured in the hanging basket in the picture?,"The hanging basket in the picture features a variety of flowers, including pink and orange flowers.",The hanging basket in the picture features a variety of flowers flowers flowers flowers,The hanging basket in the picture features a variety of flowers The hanging basket in the picture features a variety of flowers The hanging basket in the picture features a variety of flowers,The hanging basket in the picture features a variety of flowers flowers flowers flowers flowers flowers,The hanging basket in the picture features a variety of flowers The hanging basket in the picture features a variety of flowers The hanging basket in the picture features a variety of flowers The hanging basket in the picture features a variety of flowers The hanging basket in the picture features a variety of flowers,The hanging basket in the picture features a variety of flowers flowers flowers flowers flowers flowers flowers flowers flowers flowers flowers,The hanging basket in the picture features a variety of flowers The hanging basket in the picture features a variety of flowers The hanging basket in the picture features a variety of flowers The hanging basket in the picture features a variety of flowers The hanging basket in the picture features a variety of flowers The hanging basket in the picture features a variety of flowers The hanging basket in the picture features a variety of flowers The hanging basket in the picture features a variety of flowers The hanging basket in the picture features a variety of flowers The hanging basket in the picture features a variety of flowers
../data/image/pot/n03991062_33026.JPEG,n03991062_33026,pot,"Please generate a question based on this picture. For example, 'What is in this picture' or 'What is on the table in the picture'. The question needs to be related to the picture and be a question. Do not copy the example, you need to write new content.",What type of plants are these seedlings growing in?,These seedlings are growing in black plastic pots filled with soil.,These seedlings are growing in black plastic pots filled with soil soil soil soil,These seedlings are growing in black plastic pots filled with soil These seedlings are growing in black plastic pots filled with soil These seedlings are growing in black plastic pots filled with soil,These seedlings are growing in black plastic pots filled with soil soil soil soil soil soil,These seedlings are growing in black plastic pots filled with soil These seedlings are growing in black plastic pots filled with soil These seedlings are growing in black plastic pots filled with soil These seedlings are growing in black plastic pots filled with soil These seedlings are growing in black plastic pots filled with soil,These seedlings are growing in black plastic pots filled with soil soil soil soil soil soil soil soil soil soil soil,These seedlings are growing in black plastic pots filled with soil These seedlings are growing in black plastic pots filled with soil These seedlings are growing in black plastic pots filled with soil These seedlings are growing in black plastic pots filled with soil These seedlings are growing in black plastic pots filled with soil These seedlings are growing in black plastic pots filled with soil These seedlings are growing in black plastic pots filled with soil These seedlings are growing in black plastic pots filled with soil These seedlings are growing in black plastic pots filled with soil These seedlings are growing in black plastic pots filled with soil
../data/image/pot/n03991062_10556.JPEG,n03991062_10556,pot,"Please generate a question based on this picture. For example, 'What is in this picture' or 'What is on the table in the picture'. The question needs to be related to the picture and be a question. Do not copy the example, you need to write new content.",What type of plant is shown in the picture?,The picture shows a small potted plant with green leaves.,The picture shows a small potted plant with green leaves leaves leaves leaves,The picture shows a small potted plant with green leaves The picture shows a small potted plant with green leaves The picture shows a small potted plant with green leaves,The picture shows a small potted plant with green leaves leaves leaves leaves leaves leaves,The picture shows a small potted plant with green leaves The picture shows a small potted plant with green leaves The picture shows a small potted plant with green leaves The picture shows a small potted plant with green leaves The picture shows a small potted plant with green leaves,The picture shows a small potted plant with green leaves leaves leaves leaves leaves leaves leaves leaves leaves leaves leaves,The picture shows a small potted plant with green leaves The picture shows a small potted plant with green leaves The picture shows a small potted plant with green leaves The picture shows a small potted plant with green leaves The picture shows a small potted plant with green leaves The picture shows a small potted plant with green leaves The picture shows a small potted plant with green leaves The picture shows a small potted plant with green leaves The picture shows a small potted plant with green leaves The picture shows a small potted plant with green leaves
